Company Name,URL,ATS Provider,ATS Board Token,Careers URL,Status
CSC,https://cscglobal.com,unknown,,,needs_manual_review
Datadog,https://www.datadoghq.com,unknown,,https://www.datadoghq.com/product/data-observability/jobs-monitoring/,needs_manual_review
Toast,https://pos.toasttab.com,unknown,,,needs_manual_review
Geneva Trading,https://www.genevatrading.com,greenhouse,embed,https://www.genevatrading.com,Good
New Relic,https://newrelic.com,unknown,,https://newrelic.com/about/culture,needs_manual_review
Notion,https://www.notion.so,ashby,notion,https://www.notion.so/careers,Good
InterSystems,https://www.intersystems.com,unknown,,https://www.intersystems.com/data-technology-company/careers/,needs_manual_review
Pluralsight,https://www.pluralsight.com,unknown,,https://www.pluralsight.com/careers,needs_manual_review
CarGurus,https://www.cargurus.com,unknown,,,needs_manual_review
Optum,https://www.optum.com,unknown,,https://www.optum.com/en/careers.html,needs_manual_review
Citadel Securities,https://www.citadelsecurities.com,unknown,,,needs_manual_review
Whatnot,https://www.whatnot.com,unknown,,https://careers.whatnot.com/,needs_manual_review
Citadel,https://www.citadel.com,unknown,,,needs_manual_review
Udemy,https://www.udemy.com,unknown,,,needs_manual_review
Monte Carlo,https://www.montecarlodata.com,ashby,montecarlodata,https://montecarlo.ai/careers-at-monte-carlo/,Good
Sprout Social,https://sproutsocial.com,unknown,,https://sproutsocial.com/careers/,needs_manual_review
Clearwater Analytics,https://www.clearwater-analytics.com,unknown,,https://www.clearwater-analytics.com/company/careers/,needs_manual_review
Block,https://block.xyz,unknown,,https://block.xyz/careers/jobs,needs_manual_review
Identity Digital,https://identity.digital,unknown,,https://identity.digital/careers,needs_manual_review
Skillsoft,https://www.skillsoft.com,unknown,,,needs_manual_review
Hudson River Trading,https://www.hudsonrivertrading.com,unknown,,https://www.hudsonrivertrading.com/careers,needs_manual_review
DraftKings,https://www.draftkings.com,unknown,,,needs_manual_review
Smartling,https://www.smartling.com,greenhouse,embed,https://www.smartling.com/careers/,Good
Rapid7,https://www.rapid7.com,unknown,,https://careers.rapid7.com/,needs_manual_review
Expedia Group,https://www.expediagroup.com,unknown,,,needs_manual_review
Dropbox,https://www.dropbox.com,unknown,,https://jobs.dropbox.com/,needs_manual_review
Applied Systems,https://www.appliedsystems.com,unknown,,,needs_manual_review
Zynga,https://www.zynga.com,unknown,,,needs_manual_review
Dynatrace,https://www.dynatrace.com,unknown,,,needs_manual_review
Sysco LABS,https://www.syscolabs.com,unknown,,https://www.syscolabs.com/careers,needs_manual_review
AerCap,https://www.aercap.com,unknown,,https://www.aercap.com/careers/career-opportunities,needs_manual_review
Cairn Homes,https://www.cairnhomes.com,unknown,,,needs_manual_review
Corlytics,https://www.corlytics.com,unknown,,,needs_manual_review
Davy Group,https://www.davy.ie,unknown,,https://www.davy.ie/wealth-management/investing/investing-options,needs_manual_review
Dalata Hotel Group,https://www.dalatahotelgroup.com,unknown,,https://dalatahotelgroup.com/careers/,needs_manual_review
Energia Group,https://www.energiagroup.com,unknown,,,needs_manual_review
Experian Ireland,https://www.experian.ie,unknown,,,needs_manual_review
Fineos,https://www.fineos.com,successfactors,rmkcdn,https://www.fineos.com/company/careers/,Good
Flutter Entertainment,https://www.flutter.com,unknown,,https://www.flutter.com/careers/,needs_manual_review
Greencoat Renewables,https://www.greencoat-renewables.com,unknown,,,needs_manual_review
Havok,https://www.havok.com,unknown,,,needs_manual_review
Keywords Studios,https://www.keywordsstudios.com,unknown,,https://www.keywordsstudios.com/en/careers/browse-careers/,needs_manual_review
Learnosity,https://www.learnosity.com,workable,learnosity,https://learnosity.com/company/careers/,Good
Openet,https://www.openet.com,unknown,,,needs_manual_review
Paddy Power,https://www.paddypower.com,unknown,,,needs_manual_review
Phorest,https://www.phorest.com,unknown,,https://careers.phorest.com/,needs_manual_review
StatCounter,https://statcounter.com,unknown,,https://statcounter.com/careers/,needs_manual_review
Storyful,https://storyful.com,workday,dowjones/Storyful_Careers,https://storyful.com,Good
Taoglas,https://www.taoglas.com,unknown,,https://www.taoglas.com/careers-at-taoglas/,needs_manual_review
Three Ireland,https://www.three.ie,unknown,,,needs_manual_review
Vodafone Ireland,https://www.vodafone.ie,unknown,,https://www.vodafone.ie/about-us/careers,needs_manual_review
S3 Group,https://www.s3group.com,unknown,,,needs_manual_review
RugbyPass,https://www.rugbypass.com,unknown,,,needs_manual_review
Pulseway,https://www.pulseway.com,unknown,,,needs_manual_review
CRH,https://www.crh.com,unknown,,https://www.crh.com/careers,needs_manual_review
Kingspan Group,https://www.kingspan.com,unknown,,,needs_manual_review
Smurfit Kappa,https://www.smurfitkappa.com,unknown,,https://www.smurfitkappa.com/people/careers,needs_manual_review
Glanbia,https://www.glanbia.com,unknown,,,needs_manual_review
C&C Group,https://www.candcgroup.com,unknown,,,needs_manual_review
Greencore,https://www.greencore.com,unknown,,https://www.greencore.com/careers/,needs_manual_review
Perrigo,https://www.perrigo.com,successfactors,performancemanager4,https://careers.perrigo.com/,Good
Medtronic,https://www.medtronic.com,workday,medtronic/MedtronicCareers,https://www.medtronic.com/in-en/our-company/careers.html,Good
TE Connectivity,https://www.te.com,successfactors,performancemanager8,https://careers.te.com/,Good
Johnson Controls,https://www.johnsoncontrols.com,workday,jci/JCI,https://jobs.johnsoncontrols.com/,Good
DCC plc,https://www.dcc.ie,unknown,,,needs_manual_review
Allied Irish Banks,https://aib.ie,unknown,,https://aib.ie/careers,needs_manual_review
Bank of Ireland,https://www.bankofireland.com,unknown,,https://careers.bankofireland.com/home?utm_source=BOI&utm_medium=Footer&utm_campaign=Careers,needs_manual_review
EBS,https://www.ebs.ie,unknown,,,needs_manual_review
Permanent TSB,https://www.permanenttsb.ie,unknown,,,needs_manual_review
FBD Holdings,https://www.fbd.ie,unknown,,,needs_manual_review
Vhi Healthcare,https://www.vhi.ie,unknown,,https://www1.vhi.ie/about/careers,needs_manual_review
Laya Healthcare,https://www.layahealthcare.ie,unknown,,https://www.layahealthcare.ie/workingforlayahealthcare/,needs_manual_review
Ryanair,https://careers.ryanair.com,unknown,,https://careers.ryanair.com/jobs/,needs_manual_review
Aer Lingus,https://www.aerlingus.com,unknown,,,needs_manual_review
An Post,https://www.anpost.com,unknown,,,needs_manual_review
SuperValu,https://www.supervalu.ie,unknown,,https://www.supervalu.ie/careers,needs_manual_review
Musgrave,https://www.musgrave.ie,unknown,,https://musgravegroup.com/careers/,needs_manual_review
Eir,https://www.eir.ie,unknown,,,needs_manual_review
Bord na Mona,https://www.bordnamona.ie,unknown,,https://www.bnm.ie/careers/,needs_manual_review
ESB Group,https://esb.ie,unknown,,https://esb.ie/careers/apply-now,needs_manual_review
Intel Ireland,https://www.intel.com,unknown,,,needs_manual_review
Linde,https://www.linde.com,unknown,,http://lindecareers.com/,needs_manual_review
Zalando,https://jobs.zalando.com,unknown,,https://jobs.zalando.com/en/jobs,needs_manual_review
TikTok,https://careers.tiktok.com,unknown,,,needs_manual_review
LinkedIn Ireland,https://careers.linkedin.com,unknown,,https://www.linkedin.com/jobs/search/?f_C=1337%2C9202023%2C2561065%2C2587638%2C290903%2C39939&geoId=104119503&location=Sunnyvale%2C%20California%2C%20United%20States&sortBy=R&src=li-other&veh=business.linkedin.com%7Cli-other,needs_manual_review
Meta Ireland,https://www.metacareers.com,unknown,,https://www.metacareers.com/jobsearch/,needs_manual_review
Google Ireland,https://www.google.com/about/careers,unknown,,https://careers.google.com/jobs/dist/legal/EEOC_KnowYourRights_10_20.pdf,needs_manual_review
Amazon Ireland,https://www.amazon.jobs,unknown,,https://passport.amazon.jobs/accountInfo,needs_manual_review
Microsoft Ireland,https://careers.microsoft.com,unknown,,,needs_manual_review
Indeed Ireland,https://www.indeed.com/cmp/Indeed,unknown,,,needs_manual_review
Autodesk,https://www.autodesk.com/careers,unknown,,,needs_manual_review
ADP Ireland,https://jobs.adp.com,unknown,,https://jobs.adp.com/en/jobs/saved-jobs/,needs_manual_review
Cisco Ireland,https://jobs.cisco.com,unknown,,javascript:void(0),needs_manual_review
VMware Ireland,https://careers.vmware.com,unknown,,,needs_manual_review
Dell Ireland,https://jobs.dell.com,unknown,,,needs_manual_review
HPE Ireland,https://careers.hpe.com,unknown,,https://careers.hpe.com/us/en/puerto-rico-jobs,needs_manual_review
IBM Ireland,https://www.ibm.com/careers,unknown,,https://www.ibm.com/careers/search,needs_manual_review
West Pharmaceutical Services,https://www.westpharma.com,unknown,,https://www.westpharma.com/careers,needs_manual_review
Regeneron Ireland,https://careers.regeneron.com,unknown,,https://careers.regeneron.com/en/jobs/us-based-contract-opportunities/,needs_manual_review
Eli Lilly Ireland,https://careers.lilly.com,unknown,,,needs_manual_review
Novartis Ireland,https://www.novartis.com/careers,unknown,,https://www.novartis.com/careers/career-search,needs_manual_review
Sanofi Ireland,https://www.sanofi.com/en/careers,unknown,,https://www.sanofi.com/en/search-jobs,needs_manual_review
Abbott Ireland,https://www.jobs.abbott,workday,abbott/login,https://www.jobs.abbott,Good
AbbVie Ireland,https://careers.abbvie.com,unknown,,https://careers.abbvie.com/en/jobs?options=&page=1&q=strategy&ln=&la=0&lo=0&lr=100&li=/jobs/,needs_manual_review
Amgen Ireland,https://careers.amgen.com,unknown,,https://amgen.wd1.myworkdayjobs.com/en-US/Careers/login,needs_manual_review
Takeda Ireland,https://www.takedajobs.com,avature,takeda,https://www.takedajobs.com,Good
Alexion Ireland,https://alexion.com/careers,unknown,,,needs_manual_review
Bristol Myers Squibb Ireland,https://careers.bms.com,workday,bristolmyerssquibb/BMS,https://careers.bms.com,Good
Wyeth Nutrition,https://www.pfizer.com/about/careers,unknown,,https://www.pfizer.com/about/careers/join-us,needs_manual_review
DePuy Synthes,https://www.careers.jnj.com,workday,jj/login,https://www.careers.jnj.com,Good
Zimmer Biomet Ireland,https://www.zimmerbiometcareers.com,unknown,,,needs_manual_review
Edwards Lifesciences,https://www.edwards.com/careers,unknown,,https://www.edwards.com/careers/about-us/veterans,needs_manual_review
GE Healthcare Ireland,https://www.gehealthcarecareers.com,unknown,,,needs_manual_review
Cook Medical Ireland,https://www.cookmedical.com/careers,icims,americas-cookmedical,https://www.cookmedical.com/careers,Good
LinkedIn EMEA,https://careers.linkedin.com,unknown,,https://www.linkedin.com/jobs/search/?f_C=1337%2C9202023%2C2561065%2C2587638%2C290903%2C39939&geoId=104119503&location=Sunnyvale%2C%20California%2C%20United%20States&sortBy=R&src=li-other&veh=business.linkedin.com%7Cli-other,needs_manual_review
Genpact,https://www.genpact.com/careers,workday,genpact/External_Careers,https://www.genpact.com/careers,Good
Willis Towers Watson Ireland,https://careers.wtwco.com,unknown,,https://careers.wtwco.com/,needs_manual_review
Aon Ireland,https://aon.com/careers,icims,cookie-policy-scripts,https://jobs.aon.com/,Good
Marsh Ireland,https://careers.marshmclennan.com,unknown,,https://careers.marsh.com/global/en/student-opportunities,needs_manual_review
Zurich Insurance Ireland,https://www.zurich.com/careers,unknown,,,needs_manual_review
AIG Ireland,https://careers.aig.com,unknown,,,needs_manual_review
Chubb Ireland,https://careers.chubb.com,unknown,,,needs_manual_review
XL Catlin Ireland,https://www.axa-xl.com/careers,unknown,,,needs_manual_review
Beazley Ireland,https://careers.beazley.com,unknown,,https://careers.beazley.com/jobs?lang=en-US,needs_manual_review
Liberty Mutual Ireland,https://jobs.libertymutualgroup.com,icims,internal-libertymutual,https://jobs.libertymutualgroup.com,Good
Susquehanna International Group,https://careers.sig.com,icims,cookie-policy-scripts,https://careers.sig.com,Good
Citco,https://www.citco.com/careers,unknown,,https://www.citco.com/careers,needs_manual_review
SS&C Technologies,https://www.ssctech.com/careers,unknown,,,needs_manual_review
IQ-EQ,https://www.iqeq.com/careers,unknown,,https://iqeq.com/careers/vacancies/,needs_manual_review
Sanne Group,https://www.sanne.com/careers,unknown,,,needs_manual_review
Apex Group,https://www.apexgroup.com/careers,workday,theapexgroup/apexgroupcareers,https://www.apexgroup.com/careers,Good
Deutsche Bank Ireland,https://careers.db.com,unknown,,https://careers.db.com/?language_id=1,needs_manual_review
BNY Mellon Ireland,https://www.bnymellon.com/careers,unknown,,https://www.bnymellon.com/corporate/global/en/about-us/careers/work-with-us.html,needs_manual_review
UBS Ireland,https://www.ubs.com/careers,unknown,,https://www.ubs.com/global/en/careers/search-jobs.html,needs_manual_review
Barclays Ireland,https://search.jobs.barclays,workday,barclays/login,https://search.jobs.barclays,Good
HSBC Ireland,https://www.hsbc.com/careers,unknown,,https://www.hsbc.com/careers,needs_manual_review
Wells Fargo Ireland,https://www.wellsfargo.jobs,unknown,,,needs_manual_review
Morgan Stanley Ireland,https://www.morganstanley.com/careers,unknown,,,needs_manual_review
Goldman Sachs Ireland,https://www.goldmansachs.com/careers,unknown,,https://www.goldmansachs.com/careers,needs_manual_review