Company Name,URL
CSC,https://cscglobal.com
Datadog,https://www.datadoghq.com
Toast,https://pos.toasttab.com
Geneva Trading,https://www.genevatrading.com
New Relic,https://newrelic.com
Notion,https://www.notion.so
InterSystems,https://www.intersystems.com
Pluralsight,https://www.pluralsight.com
CarGurus,https://www.cargurus.com
Optum,https://www.optum.com
Citadel Securities,https://www.citadelsecurities.com
Whatnot,https://www.whatnot.com
Citadel,https://www.citadel.com
Udemy,https://www.udemy.com
Monte Carlo,https://www.montecarlodata.com
Sprout Social,https://sproutsocial.com
Clearwater Analytics,https://www.clearwater-analytics.com
Block,https://block.xyz
Identity Digital,https://identity.digital
Skillsoft,https://www.skillsoft.com
Hudson River Trading,https://www.hudsonrivertrading.com
DraftKings,https://www.draftkings.com
Smartling,https://www.smartling.com
Rapid7,https://www.rapid7.com
Expedia Group,https://www.expediagroup.com
Dropbox,https://www.dropbox.com
Applied Systems,https://www.appliedsystems.com
Zynga,https://www.zynga.com
Dynatrace,https://www.dynatrace.com
Sysco LABS,https://www.syscolabs.com
AerCap,https://www.aercap.com
Cairn Homes,https://www.cairnhomes.com
Corlytics,https://www.corlytics.com
Davy Group,https://www.davy.ie
Dalata Hotel Group,https://www.dalatahotelgroup.com
Energia Group,https://www.energiagroup.com
Experian Ireland,https://www.experian.ie
Fineos,https://www.fineos.com
Flutter Entertainment,https://www.flutter.com
Greencoat Renewables,https://www.greencoat-renewables.com
Havok,https://www.havok.com
Keywords Studios,https://www.keywordsstudios.com
Learnosity,https://www.learnosity.com
Openet,https://www.openet.com
Paddy Power,https://www.paddypower.com
Phorest,https://www.phorest.com
StatCounter,https://statcounter.com
Storyful,https://storyful.com
Taoglas,https://www.taoglas.com
Three Ireland,https://www.three.ie
Vodafone Ireland,https://www.vodafone.ie
S3 Group,https://www.s3group.com
RugbyPass,https://www.rugbypass.com
Pulseway,https://www.pulseway.com
CRH,https://www.crh.com
Kingspan Group,https://www.kingspan.com
Smurfit Kappa,https://www.smurfitkappa.com
Glanbia,https://www.glanbia.com
C&C Group,https://www.candcgroup.com
Greencore,https://www.greencore.com
Perrigo,https://www.perrigo.com
Medtronic,https://www.medtronic.com
TE Connectivity,https://www.te.com
Johnson Controls,https://www.johnsoncontrols.com
DCC plc,https://www.dcc.ie
Allied Irish Banks,https://aib.ie
Bank of Ireland,https://www.bankofireland.com
EBS,https://www.ebs.ie
Permanent TSB,https://www.permanenttsb.ie
FBD Holdings,https://www.fbd.ie
Vhi Healthcare,https://www.vhi.ie
Laya Healthcare,https://www.layahealthcare.ie
Ryanair,https://careers.ryanair.com
Aer Lingus,https://www.aerlingus.com
An Post,https://www.anpost.com
SuperValu,https://www.supervalu.ie
Musgrave,https://www.musgrave.ie
Eir,https://www.eir.ie
Bord na Mona,https://www.bordnamona.ie
ESB Group,https://esb.ie
Intel Ireland,https://www.intel.com
Linde,https://www.linde.com
Zalando,https://jobs.zalando.com
TikTok,https://careers.tiktok.com
LinkedIn Ireland,https://careers.linkedin.com
Meta Ireland,https://www.metacareers.com
Google Ireland,https://www.google.com/about/careers
Amazon Ireland,https://www.amazon.jobs
Microsoft Ireland,https://careers.microsoft.com
Indeed Ireland,https://www.indeed.com/cmp/Indeed
Autodesk,https://www.autodesk.com/careers
ADP Ireland,https://jobs.adp.com
Cisco Ireland,https://jobs.cisco.com
VMware Ireland,https://careers.vmware.com
Dell Ireland,https://jobs.dell.com
HPE Ireland,https://careers.hpe.com
IBM Ireland,https://www.ibm.com/careers
West Pharmaceutical Services,https://www.westpharma.com
Regeneron Ireland,https://careers.regeneron.com
Eli Lilly Ireland,https://careers.lilly.com
Novartis Ireland,https://www.novartis.com/careers
Sanofi Ireland,https://www.sanofi.com/en/careers
Abbott Ireland,https://www.jobs.abbott
AbbVie Ireland,https://careers.abbvie.com
Amgen Ireland,https://careers.amgen.com
Takeda Ireland,https://www.takedajobs.com
Alexion Ireland,https://alexion.com/careers
Bristol Myers Squibb Ireland,https://careers.bms.com
Wyeth Nutrition,https://www.pfizer.com/about/careers
DePuy Synthes,https://www.careers.jnj.com
Zimmer Biomet Ireland,https://www.zimmerbiometcareers.com
Edwards Lifesciences,https://www.edwards.com/careers
GE Healthcare Ireland,https://www.gehealthcarecareers.com
Cook Medical Ireland,https://www.cookmedical.com/careers
LinkedIn EMEA,https://careers.linkedin.com
Genpact,https://www.genpact.com/careers
Willis Towers Watson Ireland,https://careers.wtwco.com
Aon Ireland,https://aon.com/careers
Marsh Ireland,https://careers.marshmclennan.com
Zurich Insurance Ireland,https://www.zurich.com/careers
AIG Ireland,https://careers.aig.com
Chubb Ireland,https://careers.chubb.com
XL Catlin Ireland,https://www.axa-xl.com/careers
Beazley Ireland,https://careers.beazley.com
Liberty Mutual Ireland,https://jobs.libertymutualgroup.com
Susquehanna International Group,https://careers.sig.com
Citco,https://www.citco.com/careers
SS&C Technologies,https://www.ssctech.com/careers
IQ-EQ,https://www.iqeq.com/careers
Sanne Group,https://www.sanne.com/careers
Apex Group,https://www.apexgroup.com/careers
Deutsche Bank Ireland,https://careers.db.com
BNY Mellon Ireland,https://www.bnymellon.com/careers
UBS Ireland,https://www.ubs.com/careers
Barclays Ireland,https://search.jobs.barclays
HSBC Ireland,https://www.hsbc.com/careers
Wells Fargo Ireland,https://www.wellsfargo.jobs
Morgan Stanley Ireland,https://www.morganstanley.com/careers
Goldman Sachs Ireland,https://www.goldmansachs.com/careers
