Company ID,Company Name,ATS Provider,ATS Board Token,URL,Verification,Status
900500,Google Ireland Limited,unknown,,https://www.irishjobs.ie/jobs/google-ireland-limited/in-county-dublin?cmp=1,script-discovered,needs_manual_review
900501,Dawn Meats Ireland UC,unknown,,https://www.irishjobs.ie/jobs/dawn-meats-group?cmpId=1242633&cmp=1,script-discovered,needs_manual_review
900502,Ernst & Young,unknown,,https://ie.linkedin.com/jobs/ey-jobs,script-discovered,needs_manual_review
900503,Amazon Development Centre Ireland Limited,unknown,,https://ie.linkedin.com/jobs/amazon-data-centre-jobs,script-discovered,needs_manual_review
900504,Accenture Limited,unknown,,https://ie.linkedin.com/jobs/accenture-jobs,script-discovered,needs_manual_review
900505,Cork University Hospital,unknown,,https://ie.indeed.com/q-cork-university-hospital-jobs.html,script-discovered,needs_manual_review
900506,Mowlam Healthcare Services Unlimited Company,unknown,,https://ie.indeed.com/q-mowlam-healthcare-jobs.html,script-discovered,needs_manual_review
900507,Redwood Extended Care Facility UC,unknown,,https://ie.linkedin.com/jobs/view/staff-registered-nurse-at-redwood-extended-care-facility-ltd-4095411871,script-discovered,needs_manual_review
900508,Galway University Hospital,unknown,,https://www.irishjobs.ie/jobs/galway-university-hospital,script-discovered,needs_manual_review
900509,Rosderra Irish Meats Group UC,unknown,,https://www.irishjobs.ie/jobs/rosderra-irish-meats?cmpId=1242913&cmp=1,script-discovered,needs_manual_review