Company ID,Company Name,ATS Provider,ATS Board Token,URL
9990,"KPMG",lever,kpmg,
9991,"Applied Materials Ireland Limited",ashby,applied,
9992,"Resilience Healthcare Limited",greenhouse,resilience,
9993,"Eli Lilly Kinsale Limited",ashby,eli,
9994,"Hubspot Ireland Limited",greenhouse,hubspot,
9995,"Resilience Healthcare Ltd",greenhouse,resilience,
9996,"Eli Lilly Cork Limited",ashby,eli,
9997,"General Motors IT Services (Ireland) Ltd",greenhouse,general,
9998,"Linkedin Ireland Unlimited Company",greenhouse,linkedin,
9999,"Jaguar Land Rover Ireland (Services) Limited",greenhouse,jaguar,
99910,"Alliance Medical Diagnostic Imaging Ltd",greenhouse,alliance,
99911,"Stripe Technology Company Limited",greenhouse,stripe,
99912,"Allied Irish Banks Public Limited Company",greenhouse,allied,
99913,"Castle Ceilings & Partitions Ltd",ashby,castle,
99914,"Dublin North City Mental Health Services",greenhouse,dublin,
99915,"Allied Irish Banks plc",greenhouse,allied,
99916,"Dublin Aerospace Limited",greenhouse,dublin,
99917,"Perennial Freight Limited",lever,perennial,
99918,"Embrace Community Services Limited",greenhouse,embrace,
99919,"ICON Clinical Research Limited",greenhouse,icon,
99920,"Haven Bay Care Centre Limited",greenhouse,haven,
99921,"Kaseya Limited",greenhouse,kaseya,
99922,"MongoDB Limited",greenhouse,mongodb,
99923,"Kirby Group Engineering",greenhouse,kirbygroupengineering,
99924,"National Rehabilitation Hospital",greenhouse,national,
99925,"David Blessington Concrete Works Limited",greenhouse,david,
99926,"Silver Stream Healthcare Management Limited",ashby,silver,
99927,"O'Brien Transport (Newbawn) Ltd",greenhouse,obrien,
99928,"RPS Group Limited",greenhouse,rps,
99929,"Mercury Engineering Unlimited Company",greenhouse,mercury,
99930,"Intercom R&D Unlimited Company",greenhouse,intercom,
99931,"Lighthouse Studios Limited",greenhouse,lighthouse,
99932,"Dublin Simon Community",greenhouse,dublin,
99933,"BearingPoint Ireland Limited",greenhouse,bearingpoint,
99934,"Forvis Mazars",greenhouse,forvismazars,
99935,"Gerson Lehrman Group (Ireland) Limited",greenhouse,gersonlehrmangroup,
99936,"Nursing and Caring Services limited",greenhouse,nursing,
99937,"Haven Bay Care Centre Ltd",greenhouse,haven,
99938,"Stripe Payments Europe Limited",greenhouse,stripe,
99939,"Dublin South, Kildare, West Wicklow Community Healthcare",greenhouse,dublin,
99940,"Amber Health Care Limited",ashby,amber,
99941,"Orchard Community Care Limited",greenhouse,orchard,
99942,"Applied Process Company Ltd",ashby,applied,
99943,"Eliza Care Limited",ashby,eliza,
99944,"Allied Irish Banks, Public Limited Company",greenhouse,allied,
99945,"Pioneer Homecare",greenhouse,pioneer,
99946,"Silver Hill Foods Unlimited Company",ashby,silver,
99947,"Kingdom Home Care Services Limited",ashby,kingdom,
99948,"Ethos Engineering Ltd",greenhouse,ethos,
99949,"Riot Games Limited",greenhouse,riotgames,
99950,"Intercom R&D Unlimited",greenhouse,intercom,
99951,"Twilio Ireland Limited",greenhouse,twilio,
99952,"Digit Game Studios Ltd",greenhouse,digit,
99953,"Charles River Laboratories Ireland Ltd",greenhouse,charles,
99954,"University of Limerick",greenhouse,universityoflimerick,
99955,"National Pen Promotional Products Ltd",greenhouse,national,
99956,"Link Healthcare Limited",greenhouse,link,
99957,"Revive Environmental International Limited",ashby,revive,
99958,"Pinterest Europe Limited",greenhouse,pinterest,
99959,"Clarion Healthcare Limited",ashby,clarion,
99960,"ASM Service Support Ireland Limited",greenhouse,asm,
99961,"Test Triangle Limited",greenhouse,test,
99962,"Quilter Insulation Limited",ashby,quilter,
99963,"Teach Altranais Charna Cuideachta Neamhtheoranta",greenhouse,teach,
99964,"Planet Payment Group Holdings Limited",ashby,planet,
99965,"Udemy Ireland Ltd",greenhouse,udemy,
99966,"Caring Hands Ltd",greenhouse,caringhands,
99967,"Groupon International Limited",greenhouse,groupon,
99968,"Squarespace Ireland Limited",greenhouse,squarespace,
99969,"Purple Acorn Limited",greenhouse,purple,
99970,"Aer Lingus Limited",greenhouse,aerlingus,
99971,"Bernard Kavanagh & Sons Ltd",ashby,bernard,
99972,"Oak Central Recruitment Services Limited",ashby,oak,
99973,"Diligent Governance Ireland Ltd",greenhouse,diligent,
99974,"Comet Care Limited",greenhouse,comet,
99975,"Elite Quality Meats Limited",greenhouse,elite,
99976,"Mercury Engineering Limited",greenhouse,mercury,
99977,"Indeed Ireland Operations Limited",greenhouse,indeed,
99978,"Integrity Communications",greenhouse,integrity,
99979,"Ireland United States Commission for Educational Exchange",greenhouse,ireland,
99980,"Genesis Healthcare Ltd",greenhouse,genesis,
99981,"Capital Formworks Ltd",lever,capital,
99982,"Blue Face Limited",lever,blue,
99983,"MetLife Services EEIG",lever,metlife,
99984,"New Orient Limited",greenhouse,new,
99985,"ASM Service Support Ireland Ltd",greenhouse,asm,
99986,"Coupa Operations Inc.",lever,coupa,
99987,"Sisu Izakaya Limited",ashby,sisu,
99988,"Passage Healthcare International Ireland LImited",ashby,passage,
99989,"Coinbase Ireland Limited",greenhouse,coinbase,
99990,"Clara Nursing Home Ltd",greenhouse,clara,
99991,"International Aerospace Coatings Limited",greenhouse,international,
99992,"Velocity Global Consulting Limited",ashby,velocity,
99993,"Arlo Technologies International Limited",ashby,arlo,
99994,"Cherry Grove Nursing Home Ltd",greenhouse,cherry,
99995,"Genesis Healthcare Limited",greenhouse,genesis,
99996,"Sitecore Ireland Limited",ashby,sitecore,
99997,"Odyssey Social Care Limited",ashby,odyssey,
99998,"Arthur Cox",ashby,arthur,
99999,"Air Products Ireland Limited",greenhouse,air,
999100,"SolarWinds Software Europe DAC",greenhouse,solarwinds,
999101,"Cherry Grove Nursing Home Limited",greenhouse,cherry,
999102,"Alan Mulligan Contracts Limited",ashby,alan,
999103,"Dublin City University",greenhouse,dublin,
999104,"Client Solutions Ltd",greenhouse,client,
999105,"Dublin City Council",greenhouse,dublin,
999106,"Harvey Norman Trading (Ireland) Limited",ashby,harvey,
999107,"Alliance Medical Diagnostic Imaging Limited",greenhouse,alliance,
999108,"Virtu Financial Ireland Limited",greenhouse,virtu,
999109,"Deel Ireland EOR Ltd",ashby,deel,
999110,"National College of Ireland",greenhouse,national,
999111,"Wildlife Studios Limited",greenhouse,wildlifestudios,
999112,"Bernard Kavanagh & Sons (Dublin) Limited",ashby,bernard,
999113,"Circle K Procurement and Brands Limited",ashby,circle,
999114,"Halcyon Cleaning Services LTD",greenhouse,halcyon,
999115,"Future Grass Technology Ltd",greenhouse,future,
999116,"McAfee Ireland Limited",greenhouse,mcafee,
999117,"Evergreen Tech Development Limited",greenhouse,evergreen,
999118,"Reddit Ireland Limited",greenhouse,reddit,
999119,"Odyssey Social Care",ashby,odyssey,
999120,"Castle Homecare Limited",ashby,castle,
999121,"General Electric International Inc.",greenhouse,general,
999122,"Life Science Consultants Limited",lever,life,
999123,"New Relic International Limited",greenhouse,new,
999124,"Odyssey Validation Consultants",ashby,odyssey,
999125,"Datadog Ireland Limited",greenhouse,datadog,
999126,"National Co-Operative Farm Relief Services Limited",greenhouse,national,
999127,"National Employee Development Training Centre Limited",greenhouse,national,
999128,"Pure Storage International Limited",ashby,pure,
999129,"Windmill Nursing Home & Retirement Village Limited",ashby,windmill,
999130,"Applied Communications (Ireland) Limited",ashby,applied,
999131,"Apex Fund Services (Ireland) Limited",greenhouse,apex,
999132,"General Electric Global Services GMBH",greenhouse,general,
999133,"National Orthopaedic Hospital Cappagh",greenhouse,national,
999134,"Sage Hibernia Limited",greenhouse,sage,
999135,"Remote Management Technology Limited",greenhouse,remote,
999136,"Simply Dynamics Limited",greenhouse,simply,
999137,"Okta Identity Ireland Limited",greenhouse,okta,
999138,"Aer Lingus (Ireland) Limited",greenhouse,aerlingus,
999139,"Teach Altranaís Charna Cuideachta Neamhtheoranta",greenhouse,teach,
999140,"Spectrum Primary Care Limited",lever,spectrum,
999141,"Alloy Tip Limited",greenhouse,alloy,
999142,"Applied Process Company Limited",ashby,applied,
999143,"Branch Healthcare Limited",greenhouse,branch,
999144,"Dept Digital Limited",greenhouse,dept,
999145,"Capital Switchgear Limited",lever,capital,
999146,"Gongio Ireland Limited",greenhouse,gongio,
999147,"Ezra Collective Limited",greenhouse,ezra,
999148,"Future Grass Technology Limited",greenhouse,future,
999149,"Watershed Company Limited",greenhouse,watershed,
999150,"Yuno Limited",lever,yuno,
999151,"Kroll Bond Rating Agency Europe Limited",greenhouse,krollbondratingagency,
999152,"LMR Restaurant (Dublin) Limited",greenhouse,lmr,
999153,"Lincoln Healthcare Recruitment & Training Limited",greenhouse,lincoln,
999154,"National Orthopaedic Hospital Cappagh DAC",greenhouse,national,
999155,"Silver Lining Cloud Consulting Limited",ashby,silver,
999156,"Trulioo (Ireland) Limited",ashby,trulioo,